username,password,email,title,dob,dobYear,dobMonth,dobDay,firstName,lastName,company,country,address1,address2,state,city,zipcode,mobile
jackie_terry,y_lRaAqyWtFj_d1,jackie.terry@yahoo.com,Mr,1987-09-14,1987,9,14,Jackie,Terry,Wuckert and Sons,Israel,62950 Raynor Canyon,Apt. 764,Wyoming,Ullrichport,30110,(964) 995-3479 x29220
sharon_beier,FyOaJP9vpPh1ZNM,sharon.beier63@gmail.com,Mrs,1986-11-27,1986,11,27,Sharon,Beier,Schmidt - Brakus,Singapore,50317 Brekke Crossroad,Suite 710,Wisconsin,Deborahhaven,21020-2981,1-516-581-6860 x5366
larry_pollich42,mwz2WZLsTNelMBU,larry.pollich@yahoo.com,Mr,1959-11-17,1959,11,18,Larry,Pollich,Schiller - Yundt,Singapore,710 Oxford Road,Suite 481,Alaska,Cedar Hill,89337,(513) 265-4358 x592
erick.barrows,ZwzMVUUJNgnoDrz,erick.barrows78@hotmail.com,Mr,1987-02-18,1987,2,18,Erick,Barrows,Stark and Sons,New Zealand,307 Rubie Glens,Suite 805,Iowa,West Beverlystead,29574,(890) 831-9110 x10397
jaime.bins58,e7rIdb3rclTvrei,jaime.bins@gmail.com,Mr,1967-12-11,1967,12,11,Jaime,Bins,Davis Group,Singapore,2469 Ryan Parkway,Suite 189,Alabama,Hilllberg,93752,254.499.6973 x02959
max.kassulke,3afyWV1FMNuO6ZD,max_kassulke16@hotmail.com,Mr,2000-05-01,2000,5,2,Max,Kassulke,Ruecker Group,Singapore,207 Mosciski Circle,Apt. 624,Illinois,Starkland,50009-8039,666-963-3114 x556
nick.feest,3o3uQtTH6wCMJc9,nick_feest@gmail.com,Mr,1988-09-26,1988,9,26,Nick,Feest,Weber - Shields,Israel,805 Earnest Tunnel,Apt. 802,South Carolina,Port Mireille,73293,(492) 443-6164 x829
lola_tremblay,L7W72IcMI8_dPF3,lola_tremblay@yahoo.com,Mrs,1989-09-17,1989,9,18,Lola,Tremblay,"Koss, Volkman and Gulgowski",Israel,28925 Hammes Causeway,Suite 449,Nevada,Warren,43135-3285,(452) 689-1259 x270
jodi_emard-koss,W0_BcpK_uamSkfT,jodi.emard-koss@gmail.com,Mrs,1985-07-08,1985,7,9,Jodi,Emard-Koss,O'Hara Group,India,4564 S Front Street,Apt. 451,Missouri,East Orange,42982,(648) 847-2874
regina_kshlerin90,vFkV2H_lTNUXSo2,regina_kshlerin@hotmail.com,Mrs,1977-02-04,1977,2,4,Regina,Kshlerin,Wisoky Inc,India,930 W 7th Street,Apt. 495,North Dakota,Monahanstad,19379-9253,1-760-219-2013
edna_mayer24,howlqPk8rQvJvX5,edna_mayer@yahoo.com,Mrs,1970-05-09,1970,5,9,Edna,Mayer,Lowe - Nader,Singapore,82352 N Monroe Street,Suite 374,Arkansas,Klockocester,32186-1413,(287) 552-3553 x84307
levi_waelchi,AskM2ZOrK0bVdPs,levi_waelchi@yahoo.com,Mr,1973-05-27,1973,5,28,Levi,Waelchi,Larson - Adams,Australia,753 Robb Field,Apt. 674,Ohio,Moenmouth,53911-5539,770-938-5672 x98489
gordon_okuneva96,tCZBJrJ9_rc8Ty2,gordon.okuneva38@gmail.com,Mr,2006-03-02,2006,3,2,Gordon,Okuneva,Barrows - Cronin,Australia,1602 Eino Haven,Suite 844,Washington,North Marques,39634,444-985-0642 x5811
billy_emard85,XBz6gYmcPpMuZM1,billy.emard55@gmail.com,Mr,1986-07-06,1986,7,6,Billy,Emard,Hamill Inc,India,5178 Hermann Pike,Apt. 138,California,Shreveport,19665-7374,313-315-8947
